Company Name,First Name,Last Name,Address,City,State,ZIP/PIN CODE,Country,Phone Number,Email
Prestiga-Biz,Barbara,Motes,3029 Harrison Street,Oakland,CA,94612,USA,415-481-0998,barbarapmotes@armyspy.com
McDade's,Paul,Minter,1376 Orphan Road,Long Lake,WI,54542,USA,715-967-2332,paulcminter@rhyta.com
Penn Fruit,Robin,Morton,4609 Eastland Avenue,Jackson,MS,39211,USA,601-348-3248,robinamorton@armyspy.com
Frank's Nursery & Crafts,Alvin,Sarvis,83 Star Trek Drive,Pensacola,FL,32501,USA,850-356-1961,AlvinMSarvis@armyspy.com
Media Play,Daniel,Retana,1114 Bel Meadow Drive,Arrowhead,CA ,92352,USA,909-336-8296,DanielSRetana@teleworm.us
Cut Rite,Eva,Tallent,4138 Shadowmar Drive,Metairie,LA,70006,USA,504-779-1200,EvaTTallent@dayrep.com
Matrix Design,Charles,Astorga,410 Westwood Avenue,Garden City,NY ,11530,USA,516-805-0092,CharlesAAstorga@armyspy.com
Century House,Jane,Lim,2305 Reppert Coal Road,Southfield,MI,48075,USA,586-970-6260,JanePLim@armyspy.com
Life's Gold,Tom,Garcia,518 Seth Street,Gustine,TX,76455,USA,325-667-9370,TomKGarcia@armyspy.com
Two Pesos,Aaron,Lovejoy,2448 Settlers Lane,New York,NY,10007,USA,917-826-2371,AaronRLovejoy@armyspy.com
Smitty's Marketplace,Susan,Reyes,4402 Stuart Street,Sewickley,PA,15143,USA,724-417-4584,SusanDReyes@armyspy.com
Waves Music,Susan,Jackson,1196 Archwood Avenue,Cheyenne,WY,82003,USA,307-871-1265,SusanRJackson@rhyta.com
Realty Depot,Mary,Shepard,2632 Scott Street,Poughkeepsie,NY,12601,USA,845-471-7357,MaryEShepard@armyspy.com
Martin's,Sadie,Hill,148 Peaceful Lane,Warrensville Heights,OH,44128,USA,216-390-5580,SadieAHill@dayrep.com
Wickes Furniture,Stephen,Flynn,4378 Jenna Lane,Ames,IA,50010,USA,515-233-9027,StephenJFlynn@teleworm.us
Larry's Markets,Beth,Holloway,3915 Essex Court,South Burlington,VT,5403,USA,802-272-7414,BethHHolloway@rhyta.com
Handy Dan,Mildred,Hoyt,2626 Johnstown Road,Cary,IL,60013,USA,847-462-6919,MildredAHoyt@armyspy.com
Laura Ashley Mother & Child,Karen,Walker,3659 Shingleton Road,Portage,MI,49002,USA,269-327-9698,KarenBWalker@rhyta.com
Harmony House,Lucille,Wilson,644 Villa Drive,South Bend,IN,46601,USA,574-303-6598,LucilleZWilson@jourrapide.com
Suadela Investment,Jimmie,Cornwell,2533 Melody Lane,Lively,VA,22503,USA,804-462-5048,JimmieMCornwell@jourrapide.com
American Appliance,Marion,Davis,2905 Denver Avenue,City Of Commerce,CA,90040,USA,951-314-7204,MarionVDavis@armyspy.com
The Warner Brothers Store,Sonia,Johnson,1510 Bel Meadow Drive,Los Angeles,CA,90017,USA,909-269-6784,SoniaCJohnson@jourrapide.com
Gart Sports,Brandy,Voyles,2538 Broadcast Drive,Washington,VA,20011,USA,703-956-0582,BrandyRVoyles@rhyta.com
Irving's Sporting Goods,Deborah,Gossard,2655 Ashton Lane,Austin,TX,78756,USA,512-465-9149,DeborahGGossard@rhyta.com
Yardbirds Home Center,Dawn,Guerrero,753 Saints Alley,Tampa,FL,33614,USA,813-787-0466,DawnAGuerrero@teleworm.us
Multicerv,Priscilla,Holloway,4957 Custer Street,Smethport,PA,16749,USA,814-887-3339,PriscillaRHolloway@armyspy.com
Colonial Stores,Jay,Crowder,4281 Ryder Avenue,Bellevue,WA,98004,USA,425-384-6261,JayECrowder@dayrep.com
Balanced Fortune,Ashley,Hemphill,2042 Olen Thomas Drive,Rosston,TX,76263,USA,940-768-7053,AshleyJHemphill@jourrapide.com
Lee Wards,Debra,Harrington,532 Seltice Way,Kellogg,ID,83837,USA,208-783-0049,DebraFHarrington@armyspy.com
Garden Guru,Anna,Brooks,1332 Brown Street,San Francisco,CA,94124,USA,925-999-9078,AnnaEBrooks@rhyta.com
